# 자유 선택 원장 — 처리기가 골라도 되고, 무엇을 골랐는지 적지 않아도 되는 자리 (정본)
#
# ★ 정본 §4.3: 자유 선택(free choice)은 이 문서가 허용하는 둘 이상의 동작이나 결과 가운데 하나를 고르는 것이고, 처리기는 어느 것을
#   골랐는지 문서로 적을 의무가 없다(2026-10-08 소유자가 정의). 자리는 **닫힌 목록**이다 — 이 표에 없으면 자유 선택이 아니다.
#   본문에는 `[!자유] FC-NNNN` 상자로 표시하고, 부록 F 가 이 표에서 나온다(`scripts/gen-spec-ambiguity.py`).
# ★★ 여기 올리는 조건: 어느 쪽을 골라도 뜻에 차이가 없거나 작고, 열어 두면 처리기가 기계에 맞는 쪽을 고를 수 있다.
#   모호(`AMBIGUITY.tsv`)와 다르다 — 모호는 «정해야 하는데 아직 안 정한 것» 이고, 자유 선택은 «열어 두기로 정한 것» 이다.
#
# 번호	조항	제목	고를 수 있는 범위	정해져 있는 것	언제 · 왜
FC-0001	6.3.1	피연산자를 계산하는 차례	한 연산의 피연산자들의 모든 차례	모두 계산한 뒤에 연산한다 · 피연산자마다 한 번씩만 계산한다 · `and` 와 `or` 는 앞에서부터이고 뒤를 건너뛸 수 있다	2026-10-08 소유자 결정 — 처리기가 정한다
FC-0002	6.3.3	`min` 과 `max` 에 NaN 이 끼면	NaN 이 아닌 쪽의 값 ¦ NaN	두 피연산자가 모두 NaN 이 아니면 결과는 하나다	2026-10-08 모호 M-0003 에서 옮김 — 기계의 최소 · 최대 명령이 이 자리에서 서로 다르게 답한다
